"predicted_nutrient","experiment_num","measured_con","lm_predicted","gbm_predicted","hybrid_gbm_predicted"
"TN",1,1.01,1.29072655782855,0.971173649580604,1.04132238489512
"TN",1,0.81,0.673426208052627,0.714332335057307,0.745181458902748
"TN",1,0.91,0.557541188493268,0.73544952560758,0.670563873182536
"TN",1,0.88,0.545172640062198,0.486529219700839,0.455084229354329
"TN",1,1.8,0.619926111809026,1.02359619884957,1.13230533984152
"TN",1,0.78,0.551165691662967,0.796971774793834,0.853101933925015
"TN",1,1.15,0.544631058546826,0.577601721361583,0.48114949861824
"TN",1,0.69,0.548822942345432,0.843621038178867,0.773412232871125
"TN",1,0.59,0.556987320649227,0.89124467373436,0.921103529694237
"TN",1,0.81,0.56391035947428,1.03146048628483,1.14144132462508
"TN",1,1.85,0.814669345275024,1.42203741241688,1.24953805796497
"TN",1,0.71,0.577687466028659,0.965980915629059,0.921229569495866
"TN",1,0.84,0.573763708527271,0.852391106309428,0.865403595134875
"TN",1,1.45,0.94309818777625,1.05487566549274,1.21417819895276
"TN",1,0.67,0.567847354270932,0.530256992409166,0.707675785187943
"TN",1,0.58,0.552183986302099,0.592869841905647,0.59244152335055
"TN",1,0.47,0.545250052487629,0.489370992198422,0.591489355739478
"TN",1,0.39,0.544012768046653,0.465322857855929,0.498678662816818
"TN",1,1.66,0.546567750473878,0.402600672366316,0.48534316806981
"TN",1,2,0.559603238693863,1.22623930003533,1.28911312789951
"TN",1,2.27,0.549368691536783,0.982560409655209,1.05096968476332
"TN",1,1.3,0.574905377199963,0.845550352291781,0.9127413501205
"TN",1,0.64,0.563750246602951,0.922309827215711,0.8141024441732
"TN",1,2,0.809365769901961,1.463100275606,1.43107558465597
"TN",1,1.7,0.609539590499776,0.821504165968259,0.774429013478652
"TN",1,1,0.559921153210593,0.834479926756606,0.816059187196241
"TN",1,0.45,0.548277735307619,0.840089485732233,0.757380647357
"TN",1,0.76,0.543703886063437,0.713784423001187,0.494775746826445
"TN",1,1.8,0.693611230403357,1.3947368586348,1.04356028402449
"TN",1,1.078,0.734248995839479,0.65210831001362,0.869696899437318
"TN",1,0.65,0.670087899581186,0.800817319495416,0.849315503182633
"TN",1,0.41,0.590793692035247,0.467100902729875,0.515484905169995
"TN",1,0.32,0.574252717116028,0.456007269204309,0.418057968274579
"TN",1,1.3,0.581225279076781,0.696321781362732,0.95063266768371
"TN",1,0.85,1.115116841477,1.32788636099365,1.34841564532991
"TN",1,0.47,0.778924861504534,0.559825319306376,0.571969921749654
"TN",1,0.58,0.825380982834982,0.622561361834345,0.58340438431421
"TN",1,0.41,0.579659395372991,0.421724504185036,0.380339400945111
"TN",1,1.1,0.719388932648752,1.341157019546,1.14867543576714
"TN",1,2.1,0.880088943619878,1.43317094268844,1.54281896084264
"TN",1,0.77,1.24412289617535,0.928403955811811,0.847332321301815
"TN",1,1.5,0.571811835578106,0.954514855701926,0.893160096056161
"TN",1,0.44,0.611533411294293,0.421259970588913,0.482829730996743
"TN",1,0.32,0.546722983278532,0.382795471163348,0.363875935778576
"TN",1,0.31,0.569785694509965,0.416258012069726,0.340835085684964
"TN",1,2.1,1.21307345354964,1.0099764428036,1.02961487032892
"TN",1,0.55,0.699744157992189,0.696970743760098,0.730913183253036
"TN",1,0.48,0.801475074261846,0.601858957036357,0.579128214860561
"TN",1,0.37,0.598476730798088,0.397038362552009,0.485221795265489
"TN",1,0.42,0.569138847297487,0.353585040702676,0.362593566300095
"TN",1,0.37,0.558809241521146,0.358369259208329,0.369044208187558
"TN",1,0.085,0.545792248799536,0.291922161529281,0.272949057959177
"TN",1,0.43,0.555802312527468,0.403080961134541,0.578261432960517
"TN",1,1,0.645893348411089,1.11466810910908,1.03939993515892
"TN",1,1.3,0.594158627377479,0.804163804905238,0.849518134622508
"TN",1,1.2,0.591465150774458,0.63731580268937,0.766832218085931
"TN",1,1.1,0.587698095089455,0.732150047450702,0.855249564749394
"TN",1,0.92,0.573030977085806,0.719699272140225,0.782379891144546
"TN",1,0.81,0.571487169716982,0.61831293824252,0.657494875156458
"TN",1,1.1,0.588366036357535,0.675669481709379,0.907086462199649
"TN",1,0.36,0.584369748079738,0.545604337865517,0.597085089988717
"TN",1,0.61,0.579741705562485,0.5519529844621,0.559232482920985
"TN",1,0.65,0.581803249131556,0.814987614260106,0.719839660811224
"TN",1,1.4,0.73906034941637,0.891578589623399,0.784432888228415
"TN",1,0.62,0.603254333873984,0.582375304474674,0.590385800661215
"TN",1,0.79,0.606173609305548,0.668704106520648,0.713905279480807
"TN",1,0.41,0.653364588108688,0.447388201327955,0.448674767780209
"TN",1,0.52,0.635522778873849,0.553523592059053,0.651941452644696
"TN",1,0.79,0.565594289191996,0.402168361253408,0.60031312270213
"TN",1,0.35,0.554619826291242,0.34122616251026,0.383597586378873
"TN",1,0.61,0.551557121367166,0.349790436121915,0.347176503822101
"TN",1,0.39,0.54983690868709,0.340851799475356,0.339589299419971
"TN",1,0.24,0.549134732500352,0.348173744656436,0.3458158183356
"TN",1,0.25,0.548044240875509,0.269282829933164,0.26733813065296
"TN",1,0.35,0.548822942345432,0.371095101312729,0.499901281214698
"TN",1,0.39,0.551557121367166,0.301697148519311,0.468207393950394
"TN",1,0.21,0.554777345253328,0.275604383683094,0.316621456396341
"TN",1,0.58,0.636787334207286,0.548666250034307,0.85260866018585
"TN",1,0.71,0.592894536126291,0.994817511494291,1.03981674902784
"TN",1,0.28,0.602740628772245,0.576915809487458,0.671161082141912
"TN",1,0.42,0.604454681856272,0.484733068619615,0.58118571657788
"TN",1,0.65,0.673043847132239,0.654874985095006,0.690980057093869
"TN",1,0.45,0.624431481996958,0.71298671119322,0.987859805548773
"TN",1,0.55,0.635522778873849,0.657778586025401,0.528829924990669
"TN",1,0.52,0.609972476481643,0.517945335972988,0.447328654923788
"TN",1,0.65,0.62425418600645,0.649364229911012,0.623239209824689
"TN",1,0.64,0.646076790194158,0.589798951088832,0.598511635582289
"TN",1,1.1,0.759701021028221,0.878209665309114,0.781614575829735
"TN",1,0.47,0.67610882543685,0.733187208569123,0.717109098261214
"TN",1,0.86,0.661485541223614,0.733187208569123,0.717109098261214
"TN",1,0.86,0.632192813778105,0.752021725675637,0.720690373036553
"TN",1,0.26,0.617817199263283,0.47497047111893,0.440665531831121
"TN",1,0.21,0.606862548699191,0.523602752939099,0.411143352346475
"TN",1,0.34,0.589536759790309,0.3994622638742,0.353661115035499
"TN",1,0.35,0.586114772919933,0.387688041211328,0.347620711950583
"TN",1,0.28,0.556355002745813,0.297910571775316,0.285763004335139
"TN",1,0.37,0.553204162270181,0.30484680683086,0.291336749264126
"TN",1,0.35,0.55406886056209,0.29244247356688,0.332464784655736
"TN",1,0.21,0.553990195335028,0.3175098092092,0.337147265363774
"TN",1,0.36,0.55210558942443,0.366557961803494,0.386598344793788
"TN",1,0.53,0.54812206105725,0.362860058469107,0.366052193787114
"TN",1,0.39,0.543781089931429,0.303097741119008,0.271309357524915
"TN",1,0.16,0.543781089931429,0.268079652877632,0.276698078135086
"TN",1,0.17,0.54447642043877,0.274145267338986,0.279532845260693
"TN",1,0.91,0.562950365417549,0.48988098707238,0.571121594135887
"TN",1,0.53,0.561672915328374,0.503349604692126,0.613741455139239
"TN",1,1.4,0.569543040507083,0.50731526709162,0.607443746833794
"TN",1,1.4,0.62027829617219,0.907018261902054,0.800877086583792
"TN",1,1.2,1.17293174900337,0.758647574995719,0.942815679835162
"TN",1,0.52,0.676300848793015,0.749602979970397,0.627578986074088
"TN",1,0.41,0.564631429190768,0.350737303816954,0.316166089709356
"TN",1,0.39,0.555250172102858,0.333232010341047,0.307547862769952
"TN",1,0.89,0.546334984271116,0.417142227885282,0.47318804482212
"TN",1,0.68,0.547966431742367,0.476957448584922,0.381261401782347
"TN",1,0.56,0.548978815655785,0.389250848167313,0.342333241265289
"TN",1,0.59,0.550461819274846,0.361971378539071,0.377610138724635
"TN",1,0.2,0.549758845038129,0.403448108564124,0.379130879602382
"TN",1,0.54,0.549758845038129,0.368833043976368,0.379130879602382
"TN",1,0.58,0.601458279041956,0.86136710886628,0.865623997546209
"TN",1,0.71,0.59839176065941,1.19943758900807,0.676750805801974
"TN",1,1.2,0.665631046193543,1.24651500321165,0.447056647723369
"TN",1,0.59,0.802841822300706,1.25756505922012,1.17944161856656
"TN",1,1.5,0.934832376867035,1.13661425044698,1.21113182864482
"TN",1,1,0.712881359702155,0.810174290339686,0.830694911489459
"TN",1,0.43,0.654385843545089,0.753995685435589,0.705286720006106
"TN",1,0.6,0.616327728875334,0.576997915556163,0.787771144550978
"TN",1,0.35,0.605915458821678,0.464090373425114,0.423120175774711
"TN",1,0.55,0.602312875096535,0.476195987272052,0.500560717248585
"TN",1,0.36,0.573356519994701,0.336866302500528,0.330097700200193
"TN",1,0.26,0.565273153556947,0.337077629647444,0.344721762832637
"TN",1,0.33,0.563190210609004,0.323817977592149,0.345268845096824
"TN",1,0.55,0.561354006188376,0.323698141367576,0.342657228801002
"TN",1,0.14,0.55564450254452,0.266467885852363,0.271694347148169
"TN",1,0.41,0.551557121367166,0.264400293520941,0.314933854678419
"TN",1,0.2,0.550305524890534,0.257817963172549,0.292402433682822
"TN",1,0.32,0.549758845038129,0.255600012271998,0.282752741020806
"TN",1,0.23,0.549056768543563,0.290307728570375,0.286216528196499
"TN",1,0.31,0.546722983278532,0.229755433405152,0.260936065302574
"TN",1,0.18,0.546490150966948,0.242903067519842,0.223400551466103
"TN",1,0.17,0.545637280261298,0.245328027773657,0.21168067831323
"TN",1,0.17,0.545404911047821,0.245328027773657,0.216528105813318
"TN",1,0.22,0.545250052487629,0.245328027773657,0.221808961572205
"TN",1,0.16,0.545095237896924,0.252172192295576,0.258468634144472
"TN",1,0.26,0.544321825507887,0.368349726029963,0.362495144728793
"TN",1,0.35,0.544399117850529,0.35396697542783,0.433497191989296
"TN",1,0.16,0.544399117850529,0.361866091155665,0.439601003661887
"TN",1,0.21,0.544321825507887,0.38428722872644,0.49058998645185
"TN",1,0.3,0.544399117850529,0.361866091155665,0.439601003661887
"TN",1,0.3,0.544090015774704,0.372768042473069,0.275475450786672
"TN",1,0.33,0.551243955817547,0.495697300004298,0.26453451479626
"TN",1,0.47,0.550696342978985,0.498686241802915,0.628613776293975
"TN",1,0.4,0.543549510480708,0.292249719277043,0.300989614028937
"TN",1,1.1,0.551557121367166,0.3986510801342,0.372789917199707
"TN",1,0.43,0.598136924222807,0.640640091665904,0.8550851127805
"TN",1,0.32,0.568250630283057,0.392596242976945,0.431838217113966
"TN",1,0.18,0.543858304762075,0.290354792711831,0.26696224177322
"TN",1,0.23,0.543781089931429,0.310276769625122,0.280568234585149
"TN",1,0.51,0.555171339900371,0.517527902703855,0.565817713795311
"TN",1,0.73,1.02783941003972,1.28834355017253,1.29754342331934
"TN",1,0.42,0.623191463361996,0.564173182364346,0.648840931505537
"TN",1,0.47,0.58089526840894,0.479062547549588,0.60150451625034
"TN",1,0.32,0.553675648323876,0.337659079529833,0.537811456436852
"TN",1,0.33,0.5469559147884,0.249897676285622,0.281875141721944
"TN",1,0.27,0.545404911047821,0.255657485448521,0.270465396397823
"TN",1,0.23,0.54470839479979,0.245473190448374,0.264347477562637
"TN",1,0.26,0.544090015774704,0.359039549230863,0.309532569003723
"TN",1,0.22,0.544244544868416,0.361056449244927,0.466230346697555
"TN",1,0.19,0.544012768046653,0.306205572625046,0.296733293630888
"TN",1,1.7,0.568977249884893,0.987916180901866,0.98334119108312
"TN",1,0.38,0.559682700208992,0.887009362689929,0.810341752839375
"TN",1,0.99,0.54470839479979,0.455998010424368,0.356554261549447
"TN",1,1.6,0.544167275200942,0.620711744462978,0.42744455326016
"TN",1,1.8,0.544012768046653,0.631452522916548,0.497095646551999
"TN",1,0.37,0.553597039665989,0.64727182394154,0.562111473813083
"TN",1,0.28,0.55210558942443,0.543233868437844,0.496782075368965
"TN",1,1.3,0.949008548594304,1.2482489782166,1.45063242174591
"TN",1,1.4,0.586864235323023,1.20651016559331,1.35768258660494
"TN",1,1.8,0.701734066378619,1.52976483187862,1.51241015524993
"TN",1,1.4,0.71765458709496,1.3860034897749,1.39340594223608
"TN",1,1.3,0.7192867966804,1.38225551546719,1.33493375817968
"TN",1,1,0.791635490783365,1.30871903868318,1.31964642707626
"TN",1,0.55,0.657272523997913,0.787846598737051,0.700729032076903
"TN",1,0.59,2.16939843223488,0.84295073821034,0.901686987541167
"TN",1,1,1.27379487982833,0.923427851553891,0.972273121718882
"TN",1,0.66,0.717145281146653,0.854940223783207,0.88574534758382
"TN",1,0.61,0.731543403404576,0.654329069604633,0.749645014932209
"TN",1,0.5,0.657552555176577,0.574423490609517,0.776278829021713
"TN",1,0.48,0.581555477225992,0.369766046625428,0.450395380270742
"TN",1,0.51,0.554383630959867,0.348677196773659,0.387203330755674
"TN",1,0.4,0.547655304196454,0.317531810727732,0.314386004005651
"TN",1,1.9,0.549212708263792,0.343999467608848,0.390046430055155
"TN",1,0.31,0.548978815655785,0.343999467608848,0.397519992240779
"TN",1,0.26,0.549602750251539,0.44516501958563,0.816353564719446
"TN",1,0.52,0.547733069884762,0.466156333243474,0.505488319162348
"TN",1,0.33,0.545559812858814,0.363115106664742,0.40721069370168
"TN",1,0.3,0.54501784745145,0.33671145392011,0.32401327103958
"TN",1,0.44,0.547810845881415,0.504708739852203,0.453913957226115
"TN",1,0.4,0.549056768543563,0.486569777151807,0.455406624813964
"TN",1,1.3,0.554383630959867,0.931406974404884,1.00341592817718
"TN",1,0.36,0.553204162270181,0.988078719962887,0.694980666143532
"TN",1,1.3,0.587614656060417,1.034765169306,1.03591048214576
"TN",1,0.94,0.600093446581767,0.857751929470072,0.816218734916134
"TN",1,1.2,0.84099632950948,1.00481743548837,1.02164359150863
"TN",1,1.6,0.598646705669161,1.00564188666847,0.949747790431022
"TN",1,1.3,0.583209285485813,0.826853503890604,0.831999037132087
"TN",1,1.2,0.585615663906241,0.825906771766851,0.957435396732134
"TN",1,1,0.555013708326809,0.712493403506321,0.701506558351598
"TN",1,1.2,0.551792112463184,0.627750868672291,0.549639352909339
"TN",1,0.72,0.548044240875509,0.67009076196219,0.831364485944422
"TN",1,0.83,0.545327475905328,0.74449050927133,0.812944824369485
"TN",1,0.62,0.545327475905328,0.568906582528322,0.547695891197724
"TN",1,0.54,0.544012768046653,0.620003578990531,0.599380639079163
"TN",1,0.67,0.544012768046653,0.61142893224637,0.58820701655647
"TN",1,0.81,0.543781089931429,0.586691373867634,0.597009047144228
"TN",1,1.3,0.559206099561153,0.517541030679672,0.55592237876373
"TN",1,1.5,0.55226239505198,0.595048823188989,0.630457952555515
"TN",1,0.66,0.554383630959867,0.757437724059734,0.97015717400663
"TN",1,1.9,0.557699537906172,1.15487343172993,1.39881354679538
"TN",1,1.6,0.619398209747731,1.61932442211314,1.27462296266827
"TN",1,1.9,0.676012833299307,1.59612281515288,1.69304824021828
"TN",1,1.8,0.927560461147912,1.76181496512478,1.67745165684633
"TN",1,2.1,0.83398055962065,1.71785290637022,1.61992899117759
"TN",1,1.5,0.828316013184634,1.52232043165161,1.39972269527882
"TN",1,1.1,0.635974116878598,1.16793921150385,1.07340960524113
"TN",1,1,0.690466909115068,1.0063544375307,1.10857644322545
"TN",1,1.1,0.716839871279758,1.05353653152246,1.14733202842344
"TN",1,0.95,0.643147954967405,0.868615577093404,0.856754143696687
"TN",1,0.78,0.600434364673718,0.741723942980382,0.613485512501827
"TN",1,0.83,0.607466012438878,0.78647990363644,0.766240891441197
"TN",1,0.92,0.565594289191996,0.674315603131286,0.706828452445127
"TN",1,0.65,0.564310839496339,0.625626136044319,0.70199569207038
"TN",1,0.79,0.561114942979264,0.619651611034245,0.750949769256743
"TN",1,0.83,0.55007116688592,0.61749490058119,0.743599459942435
"TN",1,0.44,0.548277735307619,0.54948400982198,0.559646027705982
"TN",1,0.52,0.551165691662967,0.524925487213756,0.586048359003676
"TN",1,1.5,0.544012768046653,0.422367385577186,0.462176687532316
"TN",1,0.54,0.543781089931429,0.406877774211257,0.338857991575943
"TN",1,0.35,0.555565614356571,0.785522224598294,0.939687957382294
"TN",1,0.88,0.573763708527271,0.879207159641194,1.02959168155756
"TN",1,0.99,0.583789228435322,1.30728266162192,1.00615188409891
"TN",1,0.98,0.591381176913895,1.17574225782803,0.935600186754835
"TN",1,1.2,1.13508495887741,1.3496658108194,1.38087174012653
"TN",1,1.3,1.16711729161027,1.57807048634363,1.62011985808642
"TN",1,1.4,1.04669042667626,1.57808194063759,1.4513863948985
"TN",1,2,1.65621284147929,1.75845509864485,1.70658981223154
"TN",1,0.4,0.549680791735638,0.425331949179552,0.331820764326247
"TN",1,0.29,0.544244544868416,0.36289338766387,0.462977679078165
"TN",1,0.22,0.544553734003684,0.285073525112371,0.280861145824816
"TN",1,1.2,3.52858045876642,1.43646193707311,1.5235643746408
"TN",1,1.7,1.98517753286223,1.33215323460789,1.46899124369301
"TN",1,1.9,1.3661545325495,1.5293073233249,1.45691009664265
"TN",1,1.2,0.683832474001068,1.10995928448984,1.06155687687631
"TN",1,0.55,0.604883956611395,0.823467545913989,0.733261670756567
"TN",1,0.39,0.559603238693863,0.528042861254802,0.455852158328796
"TN",1,0.47,0.5469559147884,0.388806640586061,0.371191624839297
"TN",1,0.48,0.561035278120025,0.675809664455532,0.615398181332881
"TN",1,0.54,0.548978815655785,0.461061881286239,0.463035271281732
"TN",1,0.3,0.544244544868416,0.352209165508274,0.388331843588856
"TN",1,0.25,0.543472339491441,0.356176862413532,0.322657989687112
"TN",1,0.17,0.543626692427959,0.357220852108279,0.296399319703522
"TN",1,0.44,0.556355002745813,0.709625168116536,0.578278018419139
"TN",1,1.9,0.810630866308458,1.28557846387381,1.56571482715968
"TN",1,2.1,0.681022508677313,1.3107364714834,1.60195772351812
"TN",1,1.9,0.751760629351524,1.15483819333825,1.25602035441182
"TN",1,1.2,0.828551266394789,1.16072108222127,1.13234256030597
"TN",1,0.82,0.583043693008717,0.737307020187109,0.648733814941668
"TN",1,0.72,0.621071443323418,0.696940999001088,0.715044962750149
"TN",1,0.78,0.602056368779269,0.683235359610158,0.700677274915211
"TN",1,0.91,0.547655304196454,0.534340083091413,0.359626201031815
"TN",1,1,0.593231364457171,1.11116191078259,0.793194752938059
"TN",1,0.56,0.665631046193543,0.62516501632433,0.820750193000966
"TN",1,0.67,0.625318720902011,0.685212234809228,0.753845903844263
"TN",1,0.74,0.690466909115068,0.856501165930794,0.824707531395845
"TN",1,1.2,0.750480842312771,1.33229252527151,1.33306076297851
"TN",1,0.9,0.625141172158283,0.981756942760126,1.00670863545395
"TN",1,0.79,0.732894951110188,0.741114084157568,0.897272861841821
"TN",1,0.77,0.8604427845633,0.861637272264378,0.914480017070426
"TN",1,0.72,1.09347976085307,0.795433153791018,0.79425927747211
"TN",1,0.89,0.844586273414865,0.772872510634658,0.783409882128954
"TN",1,0.69,0.613533753931562,0.825193878639811,0.764208516890808
"TN",1,0.57,0.558412665872217,0.788840564729369,0.46742133985174
"TN",1,1.9,0.571406031484591,0.758326501272199,0.767798661540415
"TN",1,1.1,0.699843518980747,1.24442034131875,1.22682797017751
"TN",1,0.87,0.607293532671744,0.860708888756888,0.907978258366231
"TN",1,0.7,0.769689910432715,1.00959940705101,1.01762290128889
"TN",1,0.7,0.870025105492341,0.848904767447912,0.844641169848437
"TN",1,1.1,0.76056444915319,0.879726070641618,0.830282132427124
"TN",1,0.65,0.641597415689547,0.639362164373542,0.677081123023074
"TN",1,0.42,0.552183986302099,0.657298826857501,0.478084639850558
"TN",1,0.7,0.560716730269024,0.693088320407582,0.881460535871082
"TN",1,0.67,0.565995965872283,0.64909937415107,0.473423375426688
"TN",1,0.68,0.563350164422362,0.864211900042168,0.898087639034479
"TN",1,0.61,0.560637121946435,0.626424743811856,0.579168344317918
"TN",1,0.93,0.565112653743136,0.853693139250042,0.847606201388842
"TN",1,1.4,0.563270181460398,0.804943948510407,0.50136730115104
"TN",1,0.62,0.561752670729653,0.718570233982925,0.772007986542135
"TN",1,0.84,0.574252717116028,0.773264024416161,0.666720318799367
"TN",1,1.1,0.571974238052262,0.760316933658966,0.845531703162439
"TN",1,0.54,0.566880657922706,0.711124182391336,0.490514480245209
"TN",1,0.83,0.638961000253834,0.874579540390779,0.918840311128513
"TN",1,1.8,0.615890333515933,1.16773021957197,1.19417460392341
"TN",1,0.95,0.650402715386112,1.04198102867313,1.05351637371919
"TN",1,0.4,0.54470839479979,0.325457794400587,0.298436551455875
"TN",1,0.971,1.35687536628774,1.2028347344756,1.03871702940542
"TN",1,1.24,1.91241319595313,1.19901442139311,1.299813835079
"TN",1,1.1,1.42986144660437,1.17013143413208,1.25737306443005
"TN",1,0.582,0.891281017989015,0.628893190407613,0.727589721933133
"TN",2,1.01,1.30152705129376,1.11102049460778,1.21748389218404
"TN",2,1.1,0.560890234707887,0.919589151882273,0.770033215136958
"TN",2,0.66,0.557101383305776,0.831966579341074,0.794678439442866
"TN",2,1.86,0.68301681790115,1.24680498669325,1.5102419579235
"TN",2,1.8,0.707784711093874,1.39441438820433,1.17350075972393
"TN",2,1.85,0.815581080134953,1.36863474496979,1.32126222307558
"TN",2,1.19,0.627758273823891,1.42867946264643,1.69693188233449
"TN",2,0.88,0.897540219123911,1.19067913796223,1.36344821044751
"TN",2,1.07,1.24498164279008,1.09189925901118,1.04487623574343
"TN",2,0.85,0.552540717603645,0.714388504519626,0.647366404147195
"TN",2,1.45,0.542122006461244,0.464961925851546,0.480281233620049
"TN",2,0.71,0.575225657546716,1.11445061030459,0.705571524403202
"TN",2,0.63,0.563728449859478,0.7634526474131,0.677779131735693
"TN",2,0.32,0.545179646669038,0.823207516920436,0.749532467535257
"TN",2,1.66,0.543766290706238,0.418204389367254,0.501414753004046
"TN",2,2,0.556940724232556,1.32211600145237,1.39528769531446
"TN",2,1.3,0.572412100728386,1.01779106289811,0.980574408372433
"TN",2,0.65,0.561618693900046,0.941339662722291,0.912808963068191
"TN",2,1,0.557262087965287,0.877227654968875,0.870377579347951
"TN",2,0.57,0.560162720378853,0.654821574045511,0.800894325957981
"TN",2,0.72,0.544786679457683,0.925571139073295,0.861738624543696
"TN",2,0.65,0.545730276423058,0.816743865878359,0.845704606309687
"TN",2,1.3,0.553817122017808,1.13095954660754,0.935309299168118
"TN",2,0.6,0.676937066198481,0.893934997602195,0.93391671661125
"TN",2,0.703,0.623517724303175,0.722899779310856,0.765033209303501
"TN",2,0.574,0.570187611530879,0.582646676858955,0.432385430634165
"TN",2,0.85,0.566254289130121,0.690338315804518,0.652217670922686
"TN",2,0.49,0.620199579697651,0.601656250274692,0.584642749205038
"TN",2,0.32,0.606577563059187,0.492450246695632,0.588476379252543
"TN",2,0.55,0.600744891330455,0.539804734177635,0.621221130497969
"TN",2,0.96,0.56641763408933,0.755448545004652,0.542536081058635
"TN",2,1.3,0.695440908002691,0.89277740755649,0.78913277313802
"TN",2,1.1,0.854839824159153,0.830930708016384,1.21606681338014
"TN",2,0.96,1.46469679710141,1.13229356820589,1.16607111013981
"TN",2,0.53,0.635684050994355,0.476366754034456,0.514242951393186
"TN",2,0.56,0.582068323585955,0.351793176911939,0.391011158382038
"TN",2,1.9,0.7635630758535,1.50036858981549,1.02280793921974
"TN",2,2.2,0.753282076673104,0.810595324311047,0.68994082670052
"TN",2,0.65,1.09233767930954,0.78088490511831,0.702928928874691
"TN",2,0.33,0.559678235906699,0.367320059166887,0.292772978690499
"TN",2,0.58,0.5673986969178,0.580108420736037,0.601226102714229
"TN",2,0.67,0.625679519910892,0.672826330635151,0.66977665660736
"TN",2,2.2,0.691042062870224,0.953354786823843,1.2210529513979
"TN",2,0.78,0.680853261448132,0.749923051532884,0.76022222059076
"TN",2,0.61,0.621453012513199,0.498946073900234,0.449894432400853
"TN",2,0.56,0.584929344088919,0.353142330841271,0.311280025435395
"TN",2,0.36,0.554936394117911,0.350015451326724,0.382835515315033
"TN",2,0.43,0.553098782016503,0.335153011117134,0.339219875754952
"TN",2,1.1,0.586026976165971,0.738004717947447,0.937225987536038
"TN",2,0.45,0.618502536503513,0.676751159479877,0.766091635705528
"TN",2,0.64,0.607803464743856,0.676607781721221,0.563322236206029
"TN",2,0.65,0.579388383260747,0.730758849466913,0.691789158284304
"TN",2,0.85,0.582908344290944,0.555017608214334,0.720277717499478
"TN",2,0.53,0.589162292305998,0.521254526128423,0.54769937302007
"TN",2,0.78,0.58358123409541,0.598944225843491,0.716150947571473
"TN",2,0.81,0.756439021342126,0.614267475464676,0.668888622913343
"TN",2,0.69,0.767648231883884,0.715372435595748,0.638651097830617
"TN",2,0.52,0.633761818432851,0.606856060545594,0.603499882535134
"TN",2,0.7,0.643060406237009,0.624220097176805,0.603499882535134
"TN",2,0.48,0.669075626096956,0.568993010881029,0.661326903556277
"TN",2,0.49,0.665419069793336,0.570178277130126,0.598067516045186
"TN",2,0.29,0.609998741177489,0.51137744711764,0.485595693577869
"TN",2,0.39,0.597547935826597,0.491574144982061,0.475260029513849
"TN",2,0.42,0.578720328749371,0.463971387931869,0.419798585255804
"TN",2,0.36,0.568709424214925,0.372808965284168,0.368824421210379
"TN",2,0.43,0.559920426122406,0.32387698113684,0.345792817994969
"TN",2,0.46,0.572412100728386,0.40821422145637,0.351477098207146
"TN",2,0.39,0.550155383294399,0.385281928453782,0.390712807165054
"TN",2,0.39,0.547069836666287,0.35147469559765,0.328959139962451
"TN",2,0.27,0.547069836666287,0.348537510320454,0.324554557907238
"TN",2,0.13,0.540950562220842,0.205098056924103,0.215803442125356
"TN",2,0.21,0.552062824646602,0.342254654411674,0.327257881615963
"TN",2,0.15,0.552620407141301,0.38939292385503,0.340056930010837
"TN",2,0.28,0.65164909068444,0.825535259016232,0.728290097583199
"TN",2,0.42,0.602306345107513,0.47306073416876,0.539533210061735
"TN",2,0.7,0.71239286020266,0.663425959743322,0.540762938888996
"TN",2,0.63,0.621990973057823,0.527963056689707,0.408934002772078
"TN",2,0.58,0.632666010202157,0.647425271210113,0.911414386776888
"TN",2,0.86,0.639730513349902,0.662514004832932,0.949010050649311
"TN",2,0.55,0.633761818432851,0.662052081853705,0.503974121596786
"TN",2,0.43,0.758952209844418,0.477616549791264,0.454761986943788
"TN",2,0.51,0.674695462011184,0.543023509528882,0.471539777221998
"TN",2,0.49,0.63002562342698,0.449052346576945,0.436453187395517
"TN",2,0.26,0.615832442269974,0.427258395174473,0.42665630888422
"TN",2,0.38,0.579889930576363,0.355776907903343,0.349841487537386
"TN",2,0.34,0.561618693900046,0.298284161857452,0.29473578288943
"TN",2,0.38,0.56040512024609,0.298434679024726,0.286054545048418
"TN",2,0.28,0.557342458437051,0.299829662343122,0.270598022590076
"TN",2,0.32,0.556378783385151,0.299829662343122,0.272879322842049
"TN",2,0.33,0.550076049969437,0.37267754669777,0.371074129490057
"TN",2,0.36,0.555016429169205,0.309300431138801,0.316210741328189
"TN",2,0.35,0.554776360147912,0.321456694694181,0.33078592769422
"TN",2,0.56,0.547859348775525,0.401812428569352,0.404936191223949
"TN",2,0.52,0.547543407445339,0.402230824795897,0.406564238348222
"TN",2,0.54,0.546990948282301,0.405071194446066,0.406386625157572
"TN",2,0.42,0.54408005257947,0.379560795530855,0.33834356720893
"TN",2,0.31,0.542513050843949,0.276878799415938,0.252231085174695
"TN",2,0.26,0.541731243206609,0.299469744534221,0.293909872796183
"TN",2,0.21,0.541028579445449,0.237875859183504,0.263955616778374
"TN",2,0.35,0.540950562220842,0.246655118588891,0.255671175178423
"TN",2,0.17,0.541653124656715,0.259172999445679,0.260956402675229
"TN",2,1.7,0.621184206747004,1.31816199184096,1.29270890179529
"TN",2,1.8,0.670717952255415,0.976572391651437,0.947343845681507
"TN",2,1.9,0.718480141065134,1.3085272703767,1.40560769762148
"TN",2,0.91,1.07530129633561,1.1304982596978,1.07564772172716
"TN",2,2.1,0.637152521828904,1.26135285502454,1.04520930834681
"TN",2,1.3,0.618948675822164,0.795547052188394,0.789022192678383
"TN",2,0.94,0.727551329350393,0.536908360699725,0.688568212397585
"TN",2,0.34,0.600571646171899,0.449390870908415,0.507644471346561
"TN",2,0.48,0.555016429169205,0.335756331046026,0.326197520945672
"TN",2,0.41,0.550076049969437,0.345008534960664,0.33086700650642
"TN",2,0.5,0.549521035426222,0.35490786064508,0.363497449139143
"TN",2,0.48,0.546596675479022,0.338893329530554,0.38228614742873
"TN",2,1.4,0.553098782016503,0.764651259689285,1.08601002461306
"TN",2,0.59,0.548254532374208,0.302197400159961,0.350970723418636
"TN",2,0.77,0.545022425632801,0.544956284659106,0.498425485634263
"TN",2,0.56,0.546202687612337,0.452662174161016,0.338459656536191
"TN",2,0.19,0.547938362402372,0.509915448399657,0.399818749282783
"TN",2,0.4,0.547227648313238,0.384947701060768,0.394908919162296
"TN",2,0.23,0.547069836666287,0.392362404676537,0.403605254232815
"TN",2,0.44,0.55389699488941,0.541296580430873,0.433595882607524
"TN",2,1.4,0.559032907104605,0.528334067241088,1.18106889521064
"TN",2,1.2,0.565764535292894,0.529821761441555,1.21655449419138
"TN",2,0.66,0.612643541119669,0.879287203332962,0.644946806220814
"TN",2,0.71,0.596170743261325,1.09617102065482,0.834971373697532
"TN",2,1.3,0.910183787295265,0.881759945874369,1.09969540711728
"TN",2,1.3,0.951934877997233,1.14258032597509,0.95178149415364
"TN",2,1.5,0.860033236652455,1.14680575742217,1.00911380399104
"TN",2,1.3,0.694338578095059,1.17268523018537,1.24887214789541
"TN",2,0.76,0.702902202340046,1.17268523018537,1.07088597438726
"TN",2,1.8,0.750679398349371,1.07616562714844,1.01733618005463
"TN",2,1.3,0.921409538238934,1.0277248146085,1.0627225602194
"TN",2,1.3,0.882650475036658,1.05812503746562,1.18079902081074
"TN",2,0.63,0.633213677273616,0.708886638177065,0.657227115221838
"TN",2,0.35,0.603784778078905,0.514815235591626,0.548744429367046
"TN",2,0.52,0.5963427189042,0.465195283851109,0.422951050672091
"TN",2,0.35,0.587380735980164,0.441659749317828,0.43096202265969
"TN",2,0.39,0.581397179012236,0.347576354867296,0.340139880364212
"TN",2,0.4,0.561537707546553,0.327273250756555,0.299319986965871
"TN",2,0.42,0.558066309176145,0.32990007816324,0.310112313737117
"TN",2,0.44,0.557503232638477,0.32990007816324,0.310112313737117
"TN",2,0.29,0.557181729841644,0.317265149435069,0.301276448809725
"TN",2,0.37,0.556699822868997,0.317265149435069,0.301276448809725
"TN",2,0.16,0.554696360470371,0.227794116578275,0.211941084952002
"TN",2,0.18,0.553657410826347,0.252521049990713,0.237440821203523
"TN",2,0.13,0.552142445260706,0.249513708212805,0.232606580237755
"TN",2,0.29,0.554296533581649,0.207292534218774,0.207111617211799
"TN",2,0.29,0.553657410826347,0.2256961587431,0.212094243932177
"TN",2,0.2,0.547543407445339,0.273494528464503,0.321579120844631
"TN",2,0.22,0.547385504738536,0.273494528464503,0.321579120844631
"TN",2,0.59,0.545887700907874,0.283055969892653,0.257604701279569
"TN",2,0.17,0.544786679457683,0.282686034393346,0.228007499804853
"TN",2,0.17,0.54392314938888,0.276171570702741,0.253478898525
"TN",2,0.16,0.542278390083817,0.241324956769237,0.243424568063776
"TN",2,0.29,0.541809373022954,0.255046698459193,0.221476157603463
"TN",2,0.33,0.541731243206609,0.252887161699152,0.218723936117014
"TN",2,0.33,0.541340762352256,0.314811910187862,0.322801697809349
"TN",2,0.85,0.54983811787948,0.451065022202592,0.435909303676834
"TN",2,0.43,0.595912873188772,0.716296429714148,0.713809271814499
"TN",2,0.21,0.542513050843949,0.260078582371943,0.292010203538941
"TN",2,0.18,0.541028579445449,0.323386382084769,0.302155418772167
"TN",2,0.23,0.540950562220842,0.310051346553328,0.271532520656653
"TN",2,0.44,0.667244843171403,0.622736627699949,0.703616432901969
"TN",2,0.47,0.578470006748753,0.434877977256332,0.589106453070709
"TN",2,0.26,0.541262699373566,0.34142984354475,0.33796214448134
"TN",2,0.19,0.541184648388475,0.33209126950293,0.310686172790851
"TN",2,0.35,0.542669548008128,0.241698327769481,0.238461608962158
"TN",2,1.6,0.623607649567591,1.12800232091623,1.28851512319638
"TN",2,2,0.608768411757153,0.818783624913241,0.878291010374364
"TN",2,0.82,0.590012550779242,0.669030681246905,0.601975651143963
"TN",2,1.3,0.571175204143221,0.957380606686471,0.94703750427873
"TN",2,1.2,0.541496920612673,0.526336431793166,0.424221622797902
"TN",2,1.8,0.541184648388475,0.693521196424159,0.444110152280136
"TN",2,1.7,0.541184648388475,0.699514248818172,0.785210491563836
"TN",2,0.51,0.541184648388475,0.699514248818172,0.824754856363115
"TN",2,1,0.541028579445449,0.650059012324109,0.619407434665273
"TN",2,0.45,0.552700107419731,0.551693316410543,0.465787461356145
"TN",2,1,1.00846194416257,1.40432325981539,1.30192933877996
"TN",2,1.2,0.939388448896384,1.65048396053297,1.53798408029905
"TN",2,1.2,0.861771376948854,1.60907132177983,1.28704819068132
"TN",2,1.1,0.693138029392634,1.18823040849194,1.17199896038485
"TN",2,0.59,2.20543174491473,0.900297912848194,0.817902525647056
"TN",2,0.49,0.726083902702133,0.6628353773159,0.548068192708871
"TN",2,0.4,0.639546025365371,0.507725287145115,0.614764616597868
"TN",2,0.36,0.582320202690413,0.504988812412216,0.497540332353654
"TN",2,0.48,0.579137772297165,0.487957096453568,0.504874357010881
"TN",2,0.32,0.565601377906062,0.503408380150861,0.474022532800156
"TN",2,0.3,0.548650000281104,0.379158085430897,0.334867774442894
"TN",2,0.27,0.548017388170741,0.350630220781996,0.334926870543049
"TN",2,0.31,0.54809642459042,0.333076404042373,0.322939416427819
"TN",2,0.33,0.548254532374208,0.373637649911889,0.350900787961842
"TN",2,0.4,0.544865249936581,0.424701131973391,0.38775718277205
"TN",2,0.26,0.544786679457683,0.427498963039678,0.4025531703156
"TN",2,0.26,0.54683320489583,0.499727647280909,0.660377821879953
"TN",2,0.31,0.544001595327341,0.459399729526783,0.460460373734981
"TN",2,0.47,0.543687878699095,0.411243891511501,0.442680687582306
"TN",2,0.3,0.542200192634429,0.441692897877376,0.370651390239483
"TN",2,0.23,0.542434819556088,0.373697980880929,0.291029812770691
"TN",2,0.15,0.544237001772088,0.334247321358777,0.304505833025804
"TN",2,1.1,0.545101030111594,0.313669570199606,0.324560512157763
"TN",2,0.44,0.545022425632801,0.289037934607197,0.408129709162067
"TN",2,1.3,0.548175472408926,0.390468505812459,0.447935367825085
"TN",2,2.2,0.546990948282301,0.489326852845738,0.498648665108444
"TN",2,1,0.557342458437051,0.70107838229864,0.906683697293149
"TN",2,0.71,0.565275205044195,0.979539426171267,0.784425816627714
"TN",2,0.69,0.56202380243208,0.96043821818789,0.909582768628255
"TN",2,1.6,0.596428724922296,0.947828277176593,1.01759295792007
"TN",2,1.5,0.557744481662483,0.740291669804345,0.682678732137647
"TN",2,0.83,0.55846885529105,0.770608619769531,0.715631612778822
"TN",2,1,0.54675435063454,0.718494944881342,0.758282637624454
"TN",2,0.72,0.545258273822637,0.712213058247752,0.705451093745641
"TN",2,0.97,0.543217642570278,0.675561073954385,0.793047986993047
"TN",2,0.78,0.543139309679113,0.709658027518751,0.701601141669048
"TN",2,0.65,0.542826089577675,0.650314966548717,0.741784054837473
"TN",2,0.74,0.542278390083817,0.545817686860415,0.583677601580306
"TN",2,0.19,0.541731243206609,0.590893373705364,0.532691078597988
"TN",2,0.68,0.541496920612673,0.554135466812394,0.594583848190777
"TN",2,0.55,0.540950562220842,0.547796119420911,0.558377775118639
"TN",2,0.75,0.540950562220842,0.580237483755458,0.63224215808116
"TN",2,0.86,0.552301719436513,0.795002954681614,1.16215521323852
"TN",2,0.77,0.550869900540872,0.902677938670413,1.08283603044266
"TN",2,2,0.553338125097455,1.18986231270787,1.32423987513288
"TN",2,2.3,0.595826941557357,1.47330508187827,1.0412532921064
"TN",2,1.8,0.930489743592072,1.75152132753155,1.62312311163149
"TN",2,1.5,0.651273295544711,1.46965503910725,1.30193530153098
"TN",2,1,0.629480713706121,1.38901402085838,1.09912675859935
"TN",2,1,0.689449390660657,1.05871895320009,0.938615764262978
"TN",2,1.1,0.771643955604744,1.09933851857773,1.0151546864394
"TN",2,0.77,0.650147209029347,0.976300146480677,0.905805530313547
"TN",2,0.79,0.731022006698297,0.814831937895862,0.905296524187209
"TN",2,1.4,0.634493410915281,0.741479922621109,0.901747479918391
"TN",2,0.55,0.585689023405696,0.704856788401559,0.718329732165898
"TN",2,0.83,0.605354133941765,0.751880206844368,0.762250580279998
"TN",2,0.66,0.675376902337425,0.665666747780786,0.69101349995724
"TN",2,1.1,0.572990235176633,0.827224739881448,0.773124638363396
"TN",2,0.73,0.555016429169205,0.698369623165631,0.65970420026764
"TN",2,0.83,0.547306570834687,0.594096010375713,0.621669101013091
"TN",2,0.52,0.54841268502037,0.460175763112172,0.468043356061434
"TN",2,0.6,0.544393996239385,0.466246716301126,0.460991607260638
"TN",2,0.37,0.541731243206609,0.404858630772444,0.346692959326755
"TN",2,0.22,0.541106608658466,0.537249066608094,0.649476927740763
"TN",2,1.8,0.593511459178605,1.54615684430118,1.41998098604676
"TN",2,0.98,0.589077334119619,1.02717882167487,0.986725678670708
"TN",2,1.2,0.79491168305791,1.42359787803161,1.61350644574749
"TN",2,1.4,1.05198683610345,1.51998550420002,1.57832404702798
"TN",2,0.38,0.601525111152242,0.721703026442822,0.555180381079485
"TN",2,0.22,0.541731243206609,0.241422250736258,0.230432465755582
"TN",2,0.64,0.577719690211249,0.953094343771632,0.92561758182101
"TN",2,2,0.706459026041582,1.36307162313259,1.35795818291167
"TN",2,1.3,1.38939234166669,1.40803290778628,1.26159813067681
"TN",2,1.2,3.61465086185224,1.70042336107958,1.51575339499235
"TN",2,1.4,3.45063699388263,1.58387705358402,1.53658310987949
"TN",2,1.2,0.682721383080877,1.01960768401077,1.06742156106688
"TN",2,1,0.650522354399091,0.851661862423618,0.952079999614581
"TN",2,0.59,0.876308904121153,0.921422727438698,0.961387977039978
"TN",2,0.6,0.862268632858517,0.810860453935891,0.902224189546276
"TN",2,0.27,0.541809373022954,0.304409607930661,0.317588635053601
"TN",2,0.27,0.541184648388475,0.355808444143525,0.329831150555133
"TN",2,1.3,0.544629572488236,0.378598266735309,0.390543860124204
"TN",2,0.58,0.605179559551819,0.826972619090226,0.838825803535589
"TN",2,0.54,0.546202687612337,0.443512878597949,0.420358087267154
"TN",2,0.39,0.5407945607845,0.310424043566922,0.26802637491714
"TN",2,1.1,0.545730276423058,0.651465173889257,0.433515368351517
"TN",2,1.6,0.696444544067646,1.31823599642554,1.61048163810781
"TN",2,2.3,0.712187417566691,1.65358287932351,1.68715776816513
"TN",2,2.3,0.589757344395841,1.05415452111055,0.897636967892969
"TN",2,2.1,0.616721190173526,1.27281711318184,1.57530104599295
"TN",2,1.5,0.685879286515363,1.36620535956143,1.32161276482798
"TN",2,1.1,0.626944027769241,0.840579017829448,0.926743413051074
"TN",2,0.9,0.572907608248035,0.692449084738811,0.651760122086569
"TN",2,0.82,0.580643065725148,0.810045671592136,0.71287195262026
"TN",2,0.74,0.584254899865947,0.641850966390724,0.968732301909665
"TN",2,0.63,0.550393452674989,0.47242870660671,0.526916142383553
"TN",2,1.1,0.602219491526772,1.13254141978763,1.10139682518943
"TN",2,0.97,0.580224536369321,0.944164060323804,0.821893560778429
"TN",2,0.56,0.664268525378591,0.744290227731983,0.680360149436776
"TN",2,1.6,0.60395895012029,1.08892445523756,1.05723968317443
"TN",2,1.4,0.850781296253549,1.09605092894672,1.20970758081407
"TN",2,1.3,0.710750979958749,1.25357109881676,1.29406383835158
"TN",2,0.81,0.590864036315862,0.855912083654145,0.848748674721124
"TN",2,0.9,0.623248025458303,0.936331202214296,0.942453836525748
"TN",2,0.63,0.591290240188673,0.79354207709639,0.90312740572949
"TN",2,0.54,0.594196588053747,0.780255003074974,0.85701594249584
"TN",2,0.98,0.813349416242748,0.886407902515233,0.902580114809801
"TN",2,0.81,1.01195837821162,0.798135963121582,0.907471832818916
"TN",2,0.89,0.846009689104681,0.7934453077637,0.854722903778458
"TN",2,0.59,0.563972392728992,0.638443738410225,0.603554849027791
"TN",2,1.4,0.579889930576363,0.995474898145766,0.743482647453657
"TN",2,1.4,0.636876925334295,1.04418073498749,1.15109086758109
"TN",2,0.87,0.605179559551819,0.817209662006388,1.04755792963749
"TN",2,0.81,0.840052509031667,0.804682983202642,0.915392820198099
"TN",2,0.65,0.63991505368207,0.650627656255279,0.696913020833099
"TN",2,0.57,0.580894328076111,0.700544143141179,0.604855567804069
"TN",2,0.43,0.548808267753264,0.65970452245256,0.538200762773682
"TN",2,0.83,0.564542003098308,0.774923723027866,0.905114248121909
"TN",2,0.95,0.646594098166043,0.854696869547694,1.01691071813951
"TN",2,0.84,0.609119680897043,0.814634989082742,0.819238578298085
"TN",2,1.1,0.610790980305075,0.958607878262889,0.980108497840585
"TN",2,0.46,0.576138883343774,0.744397873065809,0.609293378712672
"TN",2,0.4,0.54714873642775,0.548543618089735,0.506789545399665
"TN",2,0.4,0.54188751484501,0.337394479071688,0.345004976699754
"TN",2,0.783,0.84771948759747,0.98929841700322,0.817203403092484
"TN",2,0.946,0.898576309391725,1.20710541721264,1.06464478695614
"TN",2,1.09,1.56786771048872,1.18133730483619,1.36234538309189
"TN",2,0.932,0.628482936879863,0.752530755849136,0.91566556243368
"TN",2,0.582,0.893536643897693,0.604541964317499,0.676255296787967
"TN",2,0.838,0.692738308275348,0.651761651438794,0.834430985113772
